id,city_id,name,level,parent_id,relation,type,tags,access_cost,base_price_from_rub,base_price_to_rub,price_note,visit_min,visit_max,lat,lon,dgis_place_id,price_source_url,notes,search_aliases,provider_name,allow_coords_only
msk001,moscow,Красная площадь,AREA,,,historic_area,"HISTORY,ARCHITECTURE,LOCAL_CULTURE,PHOTOGENIC",FREE,0,0,,25,45,55.753084,37.622133,70000001103455323,,,,Красная площадь,0
msk002,moscow,Храм Василия Блаженного,POI,msk001,CLUSTER_MEMBER,cathedral,"HISTORY,ARCHITECTURE,RELIGION,ART_CULTURE,UNUSUAL,PHOTOGENIC",PAID,700,700,Стандартный базовый вход; без экскурсий и событий,20,40,55.752344,37.623055,4504127908471722,https://shm.ru/visit/tickets/hvb/,,,Храм Василия Блаженного,0
msk003,moscow,Мавзолей Ленина,POI,msk001,CLUSTER_MEMBER,mausoleum,"HISTORY,SOVIET,UNUSUAL",FREE,0,0,,20,40,55.753809,37.619959,4504127908445736,,,,Мавзолей В.И. Ленина,0
msk004,moscow,ГУМ,POI,msk001,CLUSTER_MEMBER,shopping_gallery,"HISTORY,ARCHITECTURE,PHOTOGENIC,INDOOR",FREE,0,0,Посещение здания/галерей; покупки не учитываются,30,60,55.755223,37.620414,4504127908391014,,,,ГУМ,0
msk005,moscow,Московский Кремль,COMPLEX,,,fortress_complex,"HISTORY,ARCHITECTURE,RELIGION,MILITARY,LOCAL_CULTURE",PAID,1100,1100,Базовый билет на архитектурный ансамбль; без экскурсий/событий,90,180,55.752123,37.618067,4504128908445240,https://kreml.ru/en/tickets,,,"Московский Кремль, исторический комплекс",0
msk006,moscow,Оружейная палата,POI,msk005,CONTAINS,museum,"HISTORY,ART_CULTURE,INDOOR",PAID,1400,1400,Стандартный вход; без экскурсий,90,120,55.749485,37.613489,4504127908473368,https://kreml.ru/en/tickets,,,Оружейная палата,0
msk007,moscow,Успенский собор,POI,msk005,CONTAINS,cathedral,"HISTORY,RELIGION,ARCHITECTURE,ART_CULTURE",PAID,1100,1100,Доступ в составе базового билета Кремля,20,40,55.750914,37.617027,4504127913546594,https://kreml.ru/en/tickets,,,Успенский собор,0
msk008,moscow,Архангельский собор,POI,msk005,CONTAINS,cathedral,"HISTORY,RELIGION,ARCHITECTURE",PAID,1100,1100,Доступ в составе базового билета Кремля,20,40,55.750216,37.617758,4504127913547138,https://kreml.ru/en/tickets,,,Архангельский собор,0
msk009,moscow,Благовещенский собор,POI,msk005,CONTAINS,cathedral,"HISTORY,RELIGION,ARCHITECTURE,ART_CULTURE",PAID,1100,1100,Доступ в составе базового билета Кремля,20,40,55.750061,37.616916,4504127908682872,https://kreml.ru/en/tickets,,,Благовещенский собор,0
msk010,moscow,Колокольня Ивана Великого,POI,msk005,CONTAINS,tower,"HISTORY,ARCHITECTURE,PANORAMIC",PAID,,,TBD: цену подтвердить при enrichment,30,45,55.750692,37.618177,4504127913547283,,,"[""Иван Великий колокольня"", ""Колокольня Иван Великий""]",Ансамбль колокольни Иван Великий,0
msk011,moscow,Царь-пушка,POI,msk005,CONTAINS,monument,"HISTORY,MILITARY,PHOTOGENIC",PAID,1100,1100,Доступ в составе базового билета Кремля,5,10,55.751441,37.617944,4504295412073707,https://kreml.ru/en/tickets,,,Царь-пушка,0
msk012,moscow,Царь-колокол,POI,msk005,CONTAINS,monument,"HISTORY,PHOTOGENIC",PAID,1100,1100,Доступ в составе базового билета Кремля,5,10,55.750791,37.618555,4504295412072451,https://kreml.ru/en/tickets,,,Царь-колокол,0
msk013,moscow,Александровский сад,AREA,,,historic_garden,"HISTORY,ARCHITECTURE,QUIET",FREE,0,0,,30,60,55.753226,37.613602,70000001097217313,,,,Александровский сад,0
msk014,moscow,Зарядье,AREA,,,urban_park,"NATURE,ARCHITECTURE,CONTEMPORARY,PHOTOGENIC",FREE,0,0,Базовое посещение территории; платные активности не учитываются,45,90,55.751316,37.629172,70000001029082342,,,,"Зарядье, парк",0
msk015,moscow,Парящий мост,POI,msk014,CONTAINS,viewpoint,"ARCHITECTURE,PANORAMIC,PHOTOGENIC",FREE,0,0,,10,20,55.749454,37.629452,70030076145770783,,,,Парящий мост,0
msk016,moscow,Большой театр,POI,,,theatre_building,"ART_CULTURE,HISTORY,ARCHITECTURE,ATMOSPHERIC",FREE,0,0,Только осмотр архитектурного объекта снаружи; спектакли/экскурсии не учитывать,20,40,55.760064,37.618627,4504127908589159,,,,"Большой театр России, историческая сцена",0
msk017,moscow,Третьяковская галерея,POI,,,museum,"ART_CULTURE,HISTORY,LOCAL_CULTURE,INDOOR",PAID,700,700,Базовый вход в постоянную экспозицию; временные выставки не учитывать,90,180,55.741453,37.620089,4504127908465345,https://www.tretyakovgallery.ru/for-visitors/museums/istoricheskoe-zdanie/,,"[""Государственная Третьяковская галерея"", ""Третьяковская галерея Лаврушинский переулок""]",Государственная Третьяковская галерея,0
msk018,moscow,Новая Третьяковка,POI,,,museum,"ART_CULTURE,CONTEMPORARY,SOVIET,INDOOR",PAID,,,TBD: базовую цену постоянной экспозиции подтвердить,90,150,55.734529,37.604738,4504127908465347,,,"[""Новая Третьяковка Крымский Вал"", ""Государственная Третьяковская галерея Крымский Вал""]",Новая Третьяковка,0
msk019,moscow,ГМИИ им. Пушкина,POI,,,museum,"ART_CULTURE,HISTORY,INDOOR",PAID,700,700,Базовый вход; временные выставки не учитывать,90,180,55.747237,37.605439,4504127908417781,https://www.pushkinmuseum.art/visitors/tickets/index.php?lang=ru,,"[""Государственный музей изобразительных искусств имени А.С. Пушкина"", ""Пушкинский музей""]",Музей изобразительных искусств им. А.С. Пушкина,0
msk020,moscow,Манеж,POI,,,exhibition_building,"ART_CULTURE,ARCHITECTURE,CONTEMPORARY",FREE,0,0,Только осмотр здания как городской точки; временные выставки/события не учитывать,20,40,55.753443,37.612338,4504127908585264,,,,"Манеж, центральный выставочный зал",0
msk021,moscow,Храм Христа Спасителя,POI,,,cathedral,"RELIGION,HISTORY,ARCHITECTURE,PHOTOGENIC",FREE,0,0,Базовое посещение храма; платные экскурсии не учитывать,20,40,55.74448,37.605955,4504127908730260,,,,Храм Христа Спасителя,0
msk022,moscow,Старый Арбат,AREA,,,pedestrian_street,"HISTORY,ARCHITECTURE,LOCAL_CULTURE,ATMOSPHERIC",FREE,0,0,,45,90,55.74793,37.592542,4504127912843890,,,,"Старый Арбат, бизнес-центр",0
msk023,moscow,Патриаршие пруды,AREA,,,neighborhood,"ART_CULTURE,LOCAL_CULTURE,ATMOSPHERIC,QUIET,PHOTOGENIC",FREE,0,0,,30,60,55.763082,37.595244,70030077109897110,,,,Патриаршие пруды,0
msk024,moscow,Чистые пруды,AREA,,,boulevard,"HISTORY,ARCHITECTURE,LOCAL_CULTURE,ATMOSPHERIC,QUIET",FREE,0,0,,30,60,55.765646,37.638842,4504385606385678,,,,Чистые пруды,0
msk025,moscow,Китай-город / Варварка,AREA,,,historic_area,"HISTORY,ARCHITECTURE,RELIGION,ATMOSPHERIC,PHOTOGENIC",FREE,0,0,,25,45,55.752826,37.62833,4504338361746144,,,"[""Китай-город"", ""Улица Варварка""]",улица Варварка,0
msk026,moscow,Парк Горького,AREA,,,urban_park,"NATURE,LOCAL_CULTURE,CONTEMPORARY,ACTIVE,FAMILY",FREE,0,0,Базовое посещение территории,60,150,55.732224,37.604514,4504385606385808,,,,Парк Горького,0
msk027,moscow,Музеон,AREA,,,art_park,"ART_CULTURE,SOVIET,UNUSUAL,QUIET",FREE,0,0,Базовое посещение парка,45,90,55.736473,37.608145,4504127908585434,,,,"Музеон, парк искусств",0
msk028,moscow,Нескучный сад,AREA,,,historic_garden,"NATURE,HISTORY,QUIET,ATMOSPHERIC",FREE,0,0,,45,90,55.717043,37.58649,70000001061372075,,,,"Нескучный сад, парк",0
msk029,moscow,Воробьёвы горы,AREA,,,natural_viewpoint,"NATURE,PANORAMIC,PHOTOGENIC,ACTIVE",FREE,0,0,,30,60,55.710387,37.559358,4504385606388222,,,,Воробьёвы горы,0
msk030,moscow,Главное здание МГУ,POI,,,historic_building,"ARCHITECTURE,SOVIET,SCIENCE_TECH,PHOTOGENIC",FREE,0,0,Только внешний осмотр; вход внутрь не считать базовым доступом,20,40,55.702044,37.529397,4504385606386948,,,,Главное здание МГУ,0
msk031,moscow,Лужники,COMPLEX,,,sport_complex,"HISTORY,ARCHITECTURE,ACTIVE,PANORAMIC",FREE,0,0,Базовое посещение территории; матчи/события не учитывать,45,90,55.720889,37.560348,4504385655411405,,,,Лужники,0
msk032,moscow,Новодевичий монастырь,COMPLEX,,,monastery,"HISTORY,RELIGION,ARCHITECTURE,QUIET,ATMOSPHERIC",MIXED,,,TBD: разделить бесплатный доступ и платные музейные части,60,120,55.726223,37.556293,4504128908836620,,,,Новодевичий Монастырь,0
msk033,moscow,Новодевичье кладбище,POI,msk032,CLUSTER_MEMBER,necropolis,"HISTORY,ART_CULTURE,QUIET,UNUSUAL",FREE,0,0,,60,120,55.723926,37.55593,4504127908742637,,,"[""Новодевичье кладбище Москва""]",Новодевичье кладбище,0
msk034,moscow,Москва-Сити,AREA,,,modern_district,"ARCHITECTURE,CONTEMPORARY,PANORAMIC,PHOTOGENIC",FREE,0,0,Базовая прогулка по району,45,90,55.748308,37.534224,4504385606389291,,,,Москва-Сити,0
msk035,moscow,Смотровая площадка PANORAMA360,POI,msk034,CLUSTER_MEMBER,observation_deck,"ARCHITECTURE,PANORAMIC,PHOTOGENIC,INDOOR",PAID,,,TBD: подтвердить базовый тариф постоянной смотровой площадки,45,75,55.749955,37.537246,70000001031381499,,,"[""Панорама 360"", ""PANORAMA360""]","Panorama360, смотровая площадка",0
msk036,moscow,ВДНХ,COMPLEX,,,exhibition_complex,"SOVIET,ARCHITECTURE,SCIENCE_TECH,LOCAL_CULTURE,FAMILY,PHOTOGENIC",FREE,0,0,Базовый вход на территорию; павильоны считаются отдельными POI,120,240,55.826285,37.637731,4504127908473840,,,"[""Выставка достижений народного хозяйства"", ""ВДНХ Москва""]",ВДНХ,0
msk037,moscow,Главный вход ВДНХ,POI,msk036,CONTAINS,historic_building,"SOVIET,ARCHITECTURE,PHOTOGENIC",FREE,0,0,,10,20,55.823587,37.636591,70030076324509574,,,,ВДНХ (Главный вход),0
msk038,moscow,Фонтан «Дружба народов»,POI,msk036,CONTAINS,fountain,"SOVIET,ART_CULTURE,PHOTOGENIC",FREE,0,0,,15,30,55.829794,37.631821,70030076661708120,,,,Фонтан Дружба народов,0
msk039,moscow,Фонтан «Каменный цветок»,POI,msk036,CONTAINS,fountain,"SOVIET,ART_CULTURE,PHOTOGENIC",FREE,0,0,,15,30,55.832114,37.627994,70030076683600274,,,"[""Каменный цветок фонтан ВДНХ"", ""Фонтан Каменный цветок ВДНХ""]",Фонтан Каменный цветок,0
msk040,moscow,Центр «Космонавтика и авиация»,POI,msk036,CONTAINS,science_museum,"SCIENCE_TECH,SOVIET,FAMILY,INDOOR",PAID,700,700,Базовый вход; события не учитывать,90,150,55.835452,37.621164,70000001032809571,https://vdnh.ru/places/pavilon-34-centr-kosmonavtika-i-aviaciya/,,"[""Космонавтика и авиация ВДНХ"", ""Центр Космонавтика и авиация ВДНХ""]","Космонавтика и авиация, музей",0
msk041,moscow,Москвариум,POI,msk036,CONTAINS,aquarium,"NATURE,FAMILY,INDOOR",PAID,1450,1700,Базовый вход в аквариум; шоу/представления не учитывать,120,180,55.832969,37.618523,70000001019672728,https://aquarium.moskvarium.ru/main-glubina,,,Москвариум,0
msk042,moscow,Музей космонавтики,POI,msk036,CLUSTER_MEMBER,science_museum,"SCIENCE_TECH,SOVIET,FAMILY,INDOOR",PAID,,,"TBD: официальный прейскурант есть, базовую сумму подтвердить при enrichment",90,150,55.822962,37.639781,4504127908435966,https://kosmo-museum.ru/static_pages/stoimost-biletov,,,Музей космонавтики,0
msk043,moscow,Останкинская башня,POI,,,observation_tower,"SCIENCE_TECH,SOVIET,PANORAMIC,UNUSUAL",PAID,,,TBD: подтвердить базовый маршрут без мероприятий,60,90,55.818471,37.615935,70000001033534743,,,,"Останкинская башня, экскурсионное бюро",0
msk044,moscow,Московский зоопарк,COMPLEX,,,zoo,"NATURE,FAMILY,ACTIVE",PAID,,,TBD: подтвердить стандартный взрослый вход; дополнительные активности не учитывать,120,240,55.761132,37.578438,4504127908731515,,,,Московский зоопарк,0
msk045,moscow,Коломенское,COMPLEX,,,museum_reserve,"HISTORY,ARCHITECTURE,RELIGION,NATURE,ATMOSPHERIC",MIXED,0,0,Территория бесплатна; платные дворцы/экспозиции — отдельные POI,120,240,55.667013,37.671035,4504127908856911,,,,"Коломенское, московский объединенный музей-заповедник",0
msk046,moscow,Церковь Вознесения,POI,msk045,CONTAINS,church,"HISTORY,RELIGION,ARCHITECTURE,PHOTOGENIC",MIXED,,,TBD: уточнить режим базового доступа,15,30,55.66722,37.670909,4504127919496255,,,,Церковь Вознесения Господня,0
msk047,moscow,Дворец Алексея Михайловича,POI,msk045,CONTAINS,palace,"HISTORY,ARCHITECTURE,ART_CULTURE,INDOOR",PAID,,,TBD: подтвердить стандартный вход,60,120,55.655742,37.656918,4504128908452994,,,,Дворец царя Алексея Михайловича в Коломенском,0
msk048,moscow,Территория Коломенского,AREA,msk045,CONTAINS,historic_park,"HISTORY,NATURE,QUIET,ATMOSPHERIC",FREE,0,0,,60,120,55.667013,37.671035,,,,,Территория Коломенского,0
msk049,moscow,Царицыно,COMPLEX,,,palace_park,"HISTORY,ARCHITECTURE,NATURE,ATMOSPHERIC,PHOTOGENIC",MIXED,0,0,Парк бесплатный; музейные здания — отдельные POI,120,240,55.615612,37.684003,4504128908926178,https://tsaritsyno-museum.ru/kupit-bilet/, ,"[""Парк Царицыно"", ""Государственный музей-заповедник Царицыно""]",Государственный музей-заповедник Царицыно парк,0
msk050,moscow,Большой дворец,POI,msk049,CONTAINS,palace_museum,"HISTORY,ARCHITECTURE,ART_CULTURE,INDOOR",PAID,900,900,Доступ по стандартному единому билету; временные выставки не учитывать,60,120,55.615511,37.681398,4504127908471392,https://tsaritsyno-museum.ru/the_museum/prices-and-benefits/, ,"[""Большой дворец Царицыно""]","Большой дворец, музей",0
msk063,moscow,Хлебный дом,POI,msk049,CONTAINS,palace_museum,"HISTORY,ARCHITECTURE,ART_CULTURE,INDOOR",PAID,900,900,Доступ по стандартному единому билету; временные выставки не учитывать,45,90,55.616055,37.684395,70000001040368022,https://tsaritsyno-museum.ru/the_museum/prices-and-benefits/, ,"[""Хлебный дом Царицыно""]","Хлебный дом, музей",0
msk051,moscow,Парк Царицыно,AREA,msk049,CONTAINS,historic_park,"HISTORY,NATURE,QUIET,ATMOSPHERIC,PHOTOGENIC",FREE,0,0,,60,120,55.615612,37.684003,4504128908926178,https://tsaritsyno-museum.ru/kupit-bilet/,,,Государственный музей-заповедник Царицыно парк,0
msk052,moscow,Оранжереи Царицыно,POI,msk049,CONTAINS,botanical,"NATURE,QUIET,FAMILY,INDOOR",PAID,250,250,Базовый вход; спецпрограммы не учитывать,45,75,,,,https://tsaritsyno-museum.ru/the_museum/prices-and-benefits/,,,,0
msk053,moscow,Кусково,COMPLEX,,,manor_complex,"HISTORY,ARCHITECTURE,ART_CULTURE,QUIET,ATMOSPHERIC",MIXED,,,TBD: базовый доступ и постоянные объекты уточнить; события не учитывать,90,180,55.739678,37.79558,4504385606390424,,,,Кусково,0
msk054,moscow,Измайловский Кремль,COMPLEX,,,themed_complex,"LOCAL_CULTURE,ART_CULTURE,UNUSUAL,FAMILY,PHOTOGENIC",MIXED,0,0,Базовый вход на территорию; музеи/мастерские — отдельные активности,60,120,55.79434,37.750481,4504127908568229,,,"[""Кремль в Измайлово"", ""Измайловский кремль Москва""]","Кремль в Измайлово, культурно-развлекательный комплекс",0
msk055,moscow,Поклонная гора,AREA,,,memorial_park,"HISTORY,MILITARY,SOVIET",FREE,0,0,,60,120,55.734292,37.505585,4504385606388148,,,,Поклонная гора,0
msk056,moscow,Музей Победы,POI,msk055,CLUSTER_MEMBER,history_museum,"HISTORY,MILITARY,SOVIET,INDOOR",PAID,,,TBD: подтвердить стандартный вход в постоянную экспозицию,120,180,55.73084,37.504695,4504127908608693,,,,Музей Победы,0
msk057,moscow,Северный речной вокзал,POI,,,historic_building,"ARCHITECTURE,SOVIET,SCIENCE_TECH,PANORAMIC,PHOTOGENIC",FREE,0,0,Базовый осмотр здания/территории,45,90,55.851409,37.46699,4504127908806437,,,"[""Северный речной вокзал Москва""]",Северный речной вокзал,0
msk058,moscow,ГЭС-2,POI,,,art_center,"ART_CULTURE,CONTEMPORARY,ARCHITECTURE,UNUSUAL,INDOOR",FREE,0,0,Базовый доступ к пространству; временные выставки/события не учитывать,60,120,55.742793,37.613071,70000001056315248,,,,"ГЭС-2, дом культуры",0
msk059,moscow,Красный Октябрь,AREA,,,creative_cluster,"CONTEMPORARY,ARCHITECTURE,LOCAL_CULTURE,ATMOSPHERIC",FREE,0,0,Базовая прогулка по территории,45,90,55.740916,37.609554,70030076414869009,,,,Красный Октябрь,0
msk060,moscow,Музей Москвы,POI,,,city_museum,"HISTORY,LOCAL_CULTURE,ARCHITECTURE,INDOOR",PAID,,,TBD: подтвердить базовый вход в постоянную экспозицию,60,120,55.772329,37.66696,70000001060752970,,,,Музей Транспорта Москвы,0
msk061,moscow,Сокольники,AREA,,,urban_park,"NATURE,LOCAL_CULTURE,QUIET,ACTIVE,FAMILY",FREE,0,0,Базовое посещение территории,60,150,55.795179,37.675323,4504127908547556,,,"[""Парк Сокольники"", ""Сокольники парк культуры и отдыха""]","Сокольники, парк культуры и отдыха",0
msk062,moscow,Остров Мечты,COMPLEX,,,amusement_complex,"FAMILY,ACTIVE,INDOOR",MIXED,0,0,Только бесплатный городской променад как базовый доступ; аттракционы/шоу не учитывать,90,180,55.694483,37.676309,70000001041928194,,,,"Остров Мечты, тематический парк развлечений",0
msk064,moscow,Первый оранжерейный корпус,POI,msk049,CONTAINS,botanical,"NATURE,QUIET,FAMILY,INDOOR",PAID,,,Базовый вход; спецпрограммы не учитывать (TBD),30,60,55.615566,37.688358,70000001018326002,,,[],"Первый оранжерейный корпус, оранжерейный комплекс",0
msk065,moscow,Второй оранжерейный корпус,POI,msk049,CONTAINS,botanical,"NATURE,QUIET,FAMILY,INDOOR",PAID,,,Базовый вход; спецпрограммы не учитывать (TBD),30,60,55.615034,37.688853,70000001040234423,,,[],"Второй оранжерейный корпус, оранжерейный комплекс",0
msk066,moscow,Виноградная оранжерея,POI,msk049,CONTAINS,botanical,"NATURE,QUIET,FAMILY,INDOOR",PAID,,,Базовый вход; спецпрограммы не учитывать (TBD),30,60,55.616324,37.68818,70000001040207451,,,[],"Государственный музей-заповедник Царицыно, Виноградная оранжерея",0
