id,city_id,name,level,parent_id,relation,type,tags,access_cost,base_price_from_rub,base_price_to_rub,price_note,visit_min,visit_max,lat,lon,dgis_place_id,provider_name,search_aliases_json,price_source_url,notes
tla001,tula,Тульский кремль,COMPLEX,,,fortress_complex,"HISTORY,ARCHITECTURE,RELIGION,LOCAL_CULTURE,PHOTOGENIC",FREE,0,0,Базовый доступ на территорию; экскурсии по стенам и события не учитывать,60,120,,,5067077861776228,Тульский Кремль,"[""Тульский Кремль музей"", ""Кремль Тула""]",https://museum-tula.ru/muzei/muzej-tulskiy-kreml/price/,"2ГИС: Менделеевская ул., 12в"
tla002,tula,Успенский собор Тульского кремля,POI,tla001,CONTAINS,cathedral,"HISTORY,ARCHITECTURE,RELIGION,ART_CULTURE,PHOTOGENIC",FREE,0,0,Базовое посещение собора; экскурсии не учитывать,20,40,,,,Успенский собор,"[""Свято-Успенский собор Тульского кремля"", ""Успенский собор Кремль Тула""]",,
tla003,tula,Музей оружия в Тульском кремле,POI,tla001,CONTAINS,history_museum,"HISTORY,MILITARY,SCIENCE_TECH,INDOOR",PAID,200,200,Постоянная экспозиция «Защитники южных рубежей России XVI–XVII вв.»,45,75,54.195123,37.621564,,Музей оружия,"[""Музей оружия Соборная площадь Кремль Тула"", ""Тульский государственный музей оружия Кремль""]",https://museum-arms.ru/pricelist,"Адрес: территория Тульский Кремль, 1"
tla004,tula,Казанская набережная,AREA,,,embankment,"LOCAL_CULTURE,PHOTOGENIC,ATMOSPHERIC,QUIET,ACTIVE",FREE,0,0,,45,90,,,,Казанская набережная,"[""Казанская набережная Тула""]",https://en.visittula.com/articles/top-30-dostoprimechatelnostey-tuly-i-tulskoy-oblasti/,
tla005,tula,Кремлёвский сквер,AREA,,,historic_garden,"HISTORY,NATURE,ARCHITECTURE,QUIET,PHOTOGENIC",FREE,0,0,,30,60,,,,Кремлёвский сквер,"[""Кремлевский сквер Тула"", ""Кремлёвский сад Тула""]",,"2ГИС: Менделеевская ул., 6"
tla006,tula,Улица Металлистов / Музейный квартал,AREA,,,pedestrian_street,"HISTORY,ARCHITECTURE,LOCAL_CULTURE,ATMOSPHERIC,PHOTOGENIC",FREE,0,0,,45,90,,,,улица Металлистов,"[""Улица Металлистов Тула"", ""Музейный квартал Тула""]",https://en.visittula.com/routes/tulskie_zatei/,
tla007,tula,"Государственный исторический музей, филиал в Туле",POI,tla006,CLUSTER_MEMBER,history_museum,"HISTORY,ARCHITECTURE,LOCAL_CULTURE,INDOOR",PAID,,,TBD: базовый вход в постоянную экспозицию; временные выставки не учитывать,60,100,,,70000001045471301,Государственный исторический музей,"[""Государственный исторический музей Тула Металлистов 10"", ""ГИМ Тула""]",https://tula.shm.ru/,"2ГИС: ул. Металлистов, 10"
tla008,tula,Музей декоративно-прикладного и народного искусства,POI,tla006,CLUSTER_MEMBER,museum,"ART_CULTURE,LOCAL_CULTURE,HISTORY,INDOOR",PAID,,,TBD: базовый вход; временные выставки и мероприятия не учитывать,45,75,,,,Музей декоративно-прикладного и народного искусства,"[""Музей ДПИ Тула"", ""Музей декоративно прикладного искусства Тула Металлистов 12""]",https://museum-tula.ru/muzei/muzej-dpi/price/,"2ГИС: ул. Металлистов, 12"
tla009,tula,Музей «Тульские самовары»,POI,,,museum,"HISTORY,LOCAL_CULTURE,ART_CULTURE,INDOOR,FAMILY",PAID,400,400,Стандартный взрослый вход; экскурсии не учитывать,45,75,,,5067077861777428,Тульские самовары,"[""Музей самоваров Тула"", ""Тульские самовары музей""]",https://museum-tula.ru/assets/documents/2026/pr/%D1%81%D0%B0%D0%BC%D0%BE%D0%B2%D0%B0%D1%80%D1%8B%20%D0%BE%D1%81%D0%BD%D0%BE%D0%B2%D0%BD%D0%BE%D0%B9.pdf,"2ГИС: Менделеевская ул., 8"
tla010,tula,Тульский государственный музей оружия,POI,,,history_museum,"HISTORY,MILITARY,SCIENCE_TECH,INDOOR,FAMILY",PAID,600,600,Постоянная экспозиция в новом здании; временные выставки/экскурсии не учитывать,90,150,54.204136,37.616189,70030077085403463,Тульский государственный музей оружия,"[""Музей оружия Тула Октябрьская 2"", ""Тульский музей оружия новое здание""]",https://museum-arms.ru/pricelist,"Адрес: ул. Октябрьская, 2"
tla011,tula,Музей Тульского пряника,POI,,,museum,"HISTORY,LOCAL_CULTURE,ART_CULTURE,FAMILY,INDOOR",PAID,,,"TBD: учитывать только базовый музейный вход; дегустации, мастер-классы и программы не учитывать",45,75,,,5067077861777511,Музей Тульского пряника,"[""Тульский пряник музей Октябрьская 45Б"", ""Музей пряника Тула""]",,"2ГИС: Октябрьская ул., 45Б"
tla012,tula,Тульский музей изобразительных искусств,POI,,,art_museum,"ART_CULTURE,HISTORY,INDOOR,QUIET",PAID,450,450,Стандартный взрослый вход; экскурсии не учитывать,75,120,,,5067077861792316,Тульский музей изобразительных искусств,"[""Тульский областной художественный музей"", ""Художественный музей Тула Энгельса 64""]",https://museum-tula.ru/assets/documents/2026/pr/%D1%82%D0%BC%D0%B8%D0%B8%20%D0%BE%D1%81%D0%BD%D0%BE%D0%B2%D0%BD%D0%BE%D0%B9.pdf,"2ГИС: ул. Фридриха Энгельса, 64"
tla013,tula,Тульский областной краеведческий музей,POI,,,city_museum,"HISTORY,LOCAL_CULTURE,ART_CULTURE,INDOOR",PAID,,,TBD: базовый вход; временные выставки не учитывать,60,100,,,,Тульский областной краеведческий музей,"[""Краеведческий музей Тула Советская 68"", ""ТОКМ Тула""]",https://museum-tula.ru/muzei/muzej-tokm/price/,"2ГИС: Советская ул., 68"
tla014,tula,Старая тульская аптека,POI,,,museum,"HISTORY,SCIENCE_TECH,UNUSUAL,INDOOR,LOCAL_CULTURE",PAID,200,200,Базовый взрослый вход; экскурсии и мастер-классы не учитывать,45,70,,,,Старая тульская аптека,"[""ТИАМ Старая тульская аптека"", ""Старая аптека Тула Ленина 27""]",https://tiam-tula.ru/ceny/,"Адрес: проспект Ленина, 27"
tla015,tula,Историко-мемориальный музей Демидовых,POI,,,history_museum,"HISTORY,SCIENCE_TECH,LOCAL_CULTURE,INDOOR",PAID,,,TBD: базовый вход; экскурсии и временные выставки не учитывать,45,75,,,,Историко-мемориальный музей Демидовых,"[""Музей Демидовых Тула"", ""Некрополь Демидовых Тула""]",https://museum-tula.ru/muzei/muzej-demidovih/price/,"2ГИС: Демидовская ул., 9"
tla016,tula,Николо-Зарецкий храм,POI,tla015,CLUSTER_MEMBER,church,"HISTORY,RELIGION,ARCHITECTURE,LOCAL_CULTURE,QUIET",FREE,0,0,Базовое посещение храма; музейные/экскурсионные части не учитывать,15,30,,,,Николо-Зарецкий храм,"[""Николо-Зарецкая церковь Тула"", ""Николо Зарецкий храм Тула""]",,
tla017,tula,Памятник Никите Демидову,POI,tla015,CLUSTER_MEMBER,monument,"HISTORY,LOCAL_CULTURE,PHOTOGENIC",FREE,0,0,,5,10,,,,Памятник Никите Демидову,"[""Памятник Демидову Тула""]",https://en.visittula.com/routes/tulskie_zatei/,
tla018,tula,Кластер «Октава»,COMPLEX,,,creative_cluster,"CONTEMPORARY,SCIENCE_TECH,LOCAL_CULTURE,UNUSUAL,ATMOSPHERIC",FREE,0,0,Базовый доступ к пространству; мероприятия не учитывать,45,90,,,,Октава,"[""Кластер Октава Тула"", ""Октава Центральный переулок 18""]",https://oktavaklaster.ru/,"Адрес: Центральный пер., 18"
tla019,tula,Музей станка,POI,tla018,CONTAINS,science_museum,"SCIENCE_TECH,HISTORY,CONTEMPORARY,UNUSUAL,INDOOR,FAMILY",PAID,650,850,"Взрослый билет; 650 ₽ будни, 850 ₽ выходные; временные выставки/события не учитывать",60,100,,,,Музей станка,"[""Музей станка Октава"", ""Музей станка Тула Центральный 18""]",https://oktavaklaster.ru/museum/posmotret-vse-v-muzee-stanka/,
tla020,tula,Городское пространство «Искра»,AREA,,,creative_cluster,"CONTEMPORARY,LOCAL_CULTURE,ATMOSPHERIC,PHOTOGENIC",FREE,0,0,Базовая прогулка по пространству; заведения внутри не считать отдельной ценой,30,60,,,,Искра,"[""Искра Тула Советская 11"", ""Городское пространство Искра Тула""]",https://en.visittula.com/routes/izyuminki_tulskogo_kraya/,"Адрес: Советская ул., 11"
tla021,tula,Центральный парк им. П.П. Белоусова,AREA,,,urban_park,"NATURE,QUIET,ACTIVE,FAMILY,LOCAL_CULTURE",FREE,0,0,Базовое посещение территории; аттракционы не учитывать,75,150,,,,Центральный парк культуры и отдыха им. П.П. Белоусова,"[""ЦПКиО Белоусова Тула"", ""Парк Белоусова Тула""]",,
tla022,tula,Тульский областной экзотариум — новая экспозиция,POI,tla021,CONTAINS,zoo,"NATURE,FAMILY,INDOOR,UNUSUAL",PAID,350,350,Стандартный взрослый вход,60,100,,,70000001032951734,Тульский областной экзотариум,"[""Экзотариум Тула Белоусова"", ""Тульский экзотариум новая экспозиция""]",https://www.tulazoo.ru/posetitelyam/stoimost-biletov.html,"ЦПКиО им. Белоусова, корп. 10"
tla023,tula,Площадь Ленина,AREA,,,square,"HISTORY,ARCHITECTURE,LOCAL_CULTURE,PHOTOGENIC",FREE,0,0,,15,30,,,,Площадь Ленина,"[""Площадь Ленина Тула""]",https://en.visittula.com/routes/tulskie_zatei/,
tla024,tula,Памятник «Тульский пряник»,POI,tla023,CLUSTER_MEMBER,monument,"LOCAL_CULTURE,UNUSUAL,PHOTOGENIC,FAMILY",FREE,0,0,,5,10,,,,Памятник Тульский пряник,"[""Тульский пряник памятник Тула"", ""Памятник прянику Тула""]",https://en.visittula.com/routes/izyuminki_tulskogo_kraya/,
tla025,tula,Памятник Левше,POI,,,monument,"HISTORY,LOCAL_CULTURE,ART_CULTURE,PHOTOGENIC",FREE,0,0,,5,10,,,,Памятник Левше,"[""Левша памятник Тула"", ""Памятник тульскому Левше""]",,
tla026,tula,Всехсвятский кафедральный собор,POI,,,cathedral,"RELIGION,HISTORY,ARCHITECTURE,QUIET,PHOTOGENIC",FREE,0,0,Базовое посещение собора,20,40,,,,Всехсвятский кафедральный собор,"[""Всехсвятский собор Тула"", ""Кафедральный собор Тула Льва Толстого""]",,
tla027,tula,Музей «Гармони деда Филимона»,POI,,,museum,"ART_CULTURE,LOCAL_CULTURE,UNUSUAL,FAMILY,INDOOR",PAID,700,700,Базовый формат посещения музея фактически интерактивный; мастер-классы и тематические программы не учитывать,45,60,,,,Гармони Деда Филимона,"[""Музей гармони Тула"", ""Гармони деда Филимона Менделеевская 9""]",https://www.harmonic-museum.ru/price/,
tla028,tula,Комсомольский парк,AREA,,,urban_park,"NATURE,ACTIVE,FAMILY,QUIET",FREE,0,0,Базовое посещение территории; аттракционы не учитывать,45,90,,,,Комсомольский,"[""Комсомольский парк Тула"", ""Комсомольский парк культуры и отдыха Тула""]",,"2ГИС: Октябрьская ул., 188а"
tla029,tula,Дом купчихи Жамкиной,POI,tla006,CLUSTER_MEMBER,museum,"HISTORY,LOCAL_CULTURE,ATMOSPHERIC,FAMILY,INDOOR",MIXED,0,0,"Само пространство/лавка без обязательного базового билета; программы, чаепития и мастер-классы не учитывать",30,50,,,,Дом купчихи Жамкиной,"[""Дом Жамкиной Тула"", ""Дом купчихи Жамкиной Металлистов 20""]",https://mpryanika.com/,
tla030,tula,Военно-мемориальный комплекс «Бронепоезд Тульский рабочий»,POI,,,memorial_complex,"HISTORY,MILITARY,SOVIET,PHOTOGENIC,FAMILY",MIXED,,,TBD: базовый доступ/тариф уточнить; события не учитывать,35,60,,,,Бронепоезд Тульский рабочий,"[""Бронепоезд Тульский рабочий Тула"", ""Военно мемориальный комплекс бронепоезд Тула""]",,
