id,city_id,name,level,parent_id,relation,type,tags,access_cost,base_price_from_rub,base_price_to_rub,price_note,visit_min,visit_max,lat,lon,dgis_place_id,provider_name,search_aliases_json,price_source_url,notes,allow_coords_only
vld001,vladimir,Золотые ворота,POI,,,historic_landmark,"HISTORY,ARCHITECTURE,MILITARY,LOCAL_CULTURE,PHOTOGENIC",FREE,0,0,"В 2026 объект закрыт на реставрацию; учитывать только внешний осмотр, музей внутри не считать доступным",15,30,56.126882,40.397022,8304040093985093,Золотые Ворота,"[""Золотые ворота Владимир"", ""Золотые Ворота музей-заповедник""]",https://vladimirtravel.ru/attractions/zolotye-vorota-2fef73ab9d26/,"2ГИС: Большая Московская ул., 1а",0
vld002,vladimir,Козлов вал,AREA,,,historic_area,"HISTORY,ARCHITECTURE,PANORAMIC,PHOTOGENIC,ACTIVE",FREE,0,0,,25,45,56.125965,40.397512,8304199007731714,Козлов вал,"[""Козлов вал Владимир"", ""Козлов Вал Владимир""]",https://vladimirtravel.ru/vladimirgo/2/,,0
vld003,vladimir,Музей «Старый Владимир»,POI,vld002,CLUSTER_MEMBER,city_museum,"HISTORY,LOCAL_CULTURE,PANORAMIC,INDOOR,UNUSUAL",PAID,300,300,Базовый вход в постоянную экспозицию; аудиогид и экскурсии не учитывать,60,90,56.125078,40.398773,8304040093952409,Старый Владимир,"[""Водонапорная башня Владимир"", ""Старый Владимир Водонапорная башня""]",https://vladmuseum.ru/ru/files/doc/price1_2026.pdf,"2ГИС: Козлов вал, 14",0
vld004,vladimir,Патриарший сад,AREA,vld002,CLUSTER_MEMBER,botanical_garden,"NATURE,QUIET,FAMILY,PANORAMIC,PHOTOGENIC",PAID,250,250,Базовый вход в сад; экскурсии и оранжерея отдельно не учитывать,45,90,56.124994,40.39946,8304040093964341,Патриарший Сад,"[""Патриарший Сад Владимир"", ""Патриарший сад Козлов вал 5""]",https://travelbelka.ru/ekskursii/mesta/patriarshiy-sad-vladimir/,"2ГИС: Козлов вал, 5",0
vld005,vladimir,Георгиевская улица,AREA,,,pedestrian_street,"HISTORY,ARCHITECTURE,LOCAL_CULTURE,ATMOSPHERIC,PHOTOGENIC",FREE,0,0,Пешеходная туристическая улица; заведения и события отдельно не учитывать,45,90,56.1269,40.402471,8304250547339794,Георгиевская улица,"[""Георгиевская улица Владимир"", ""Владимирский Арбат""]",https://vladimirtravel.ru/guides/avtomobilnye-marshruty-marshrut-3-pryanik-kak-iskusstvo-syry-kopiski-i-zolotye-vorota/,,0
vld006,vladimir,Музей «Старая аптека»,POI,vld005,CONTAINS,museum,"HISTORY,SCIENCE_TECH,UNUSUAL,ATMOSPHERIC,INDOOR",PAID,150,250,"Текущий диапазон базовых билетов; мастер-классы, лекции и экскурсии не учитывать",35,60,56.127262,40.402414,70000001029920326,Старая Аптека,"[""Старая аптека Владимир"", ""Музей Старая аптека Георгиевская 3""]",https://www.vc33.ru/apteka-museum,"Адрес: Георгиевская ул., 3",0
vld007,vladimir,Музей-кузница Бородиных,POI,vld005,CONTAINS,museum,"HISTORY,ART_CULTURE,LOCAL_CULTURE,UNUSUAL,FAMILY,INDOOR",PAID,,,TBD: базовый музейный формат уточнить; мастер-классы и программы не учитывать,45,75,56.126791,40.402641,8304040093988773,Музей-кузница Бородиных,"[""Кузница Бородиных Владимир"", ""Музей кузница Бородиных Георгиевская 3г""]",https://xn--33-6kc1afkw0c4a.xn--p1ai/kontakty/,"2ГИС: Георгиевская ул., 3г",0
vld008,vladimir,Храм Георгия Победоносца,POI,vld005,CONTAINS,church,"HISTORY,RELIGION,ARCHITECTURE,QUIET,PHOTOGENIC",FREE,0,0,Базовое посещение храма,15,30,56.127002,40.402206,8304040093987341,Храм Святого великомученика Георгия Победоносца,"[""Георгиевская церковь Владимир"", ""Храм Георгия Победоносца Владимир Георгиевская 2а""]",,"Адрес: Георгиевская ул., 2а",0
vld009,vladimir,Смотровая площадка у Старой аптеки,POI,vld005,CONTAINS,viewpoint,"PANORAMIC,PHOTOGENIC,ATMOSPHERIC,QUIET",FREE,0,0,,10,20,56.127154,40.402773,,Смотровая площадка у Старой аптеки,"[""Смотровая площадка Старая аптека Владимир"", ""Смотровая Георгиевская улица Владимир""]",https://vladimirtravel.ru/attractions/smotrovaya-ploshchadka-u-staroy-apteki/,,1
vld010,vladimir,Соборная площадь,AREA,,,square,"HISTORY,ARCHITECTURE,LOCAL_CULTURE,PHOTOGENIC",FREE,0,0,,15,30,56.128935,40.407856,8304199007731718,Соборная площадь,"[""Соборная площадь Владимир""]",https://vladimirtravel.ru/guides/tropoy-velikogo-knyazya-vsevoloda-bolshoe-gnezdo/,,0
vld011,vladimir,Свято-Успенский кафедральный собор,POI,vld010,CLUSTER_MEMBER,cathedral,"HISTORY,RELIGION,ARCHITECTURE,ART_CULTURE,PHOTOGENIC",PAID,400,400,Цена за музейную часть интерьера; богослужебная часть может быть доступна отдельно. Экскурсии не учитывать,20,40,56.12754,40.409116,8304040093945130,Свято-Успенский кафедральный собор,"[""Успенский собор Владимир"", ""Успенский кафедральный собор Большая Московская 56""]",https://vladmuseum.ru/ru/files/doc/price1_2026.pdf,"2ГИС: Большая Московская ул., 56",0
vld012,vladimir,Дмитриевский собор,POI,vld010,CLUSTER_MEMBER,cathedral,"HISTORY,RELIGION,ARCHITECTURE,ART_CULTURE,PHOTOGENIC",PAID,300,300,Базовый вход; экскурсии не учитывать,20,40,56.129195,40.411039,8304040093952406,Дмитриевский Собор,"[""Дмитриевский собор Владимир"", ""Собор Дмитрия Солунского Владимир""]",https://vladmuseum.ru/ru/files/doc/price1_2026.pdf,"2ГИС: Большая Московская ул., 60",0
vld013,vladimir,Музейный центр «Палаты»,POI,vld010,CLUSTER_MEMBER,museum,"HISTORY,ART_CULTURE,LOCAL_CULTURE,FAMILY,INDOOR",PAID,600,600,Комплексный базовый билет; временные выставки и события отдельно не учитывать,75,120,56.128358,40.410239,8304040093952405,Государственный Владимиро-Суздальский музей-заповедник,"[""Палаты Владимир музей"", ""Музейный центр Палаты Большая Московская 58""]",https://vladmuseum.ru/ru/files/doc/price1_2026.pdf,"2ГИС: Большая Московская ул., 58",0
vld014,vladimir,Памятник Андрею Рублёву,POI,vld010,CLUSTER_MEMBER,monument,"HISTORY,ART_CULTURE,LOCAL_CULTURE,PHOTOGENIC",FREE,0,0,,5,10,56.128438,40.407073,8304207597666308,Памятник Андрею Рублёву,"[""Андрей Рублев памятник Владимир"", ""Памятник Рублеву Владимир""]",https://vladimirtravel.ru/attractions/pamyatnik-andreyu-rublyevu/,,0
vld015,vladimir,Монумент в честь 850-летия Владимира,POI,vld010,CLUSTER_MEMBER,monument,"HISTORY,SOVIET,LOCAL_CULTURE,PHOTOGENIC",FREE,0,0,,5,10,56.129007,40.407785,8304207597666305,Монумент в честь 850-летия города Владимира,"[""850 лет Владимиру памятник"", ""Монумент 850-летия Владимир""]",https://vladimirtravel.ru/vladimirgo/2/,,0
vld016,vladimir,Парк имени А. С. Пушкина,AREA,vld010,CLUSTER_MEMBER,urban_park,"HISTORY,NATURE,QUIET,PANORAMIC,PHOTOGENIC",FREE,0,0,,30,60,56.127074,40.408169,70000001100389352,Сквер им. А.С. Пушкина,"[""Пушкинский парк Владимир"", ""Сквер имени Пушкина Владимир""]",https://vladimirtravel.ru/guides/tropoy-velikogo-knyazya-vsevoloda-bolshoe-gnezdo/,,0
vld017,vladimir,Памятник князю Владимиру и святителю Фёдору,POI,vld016,CONTAINS,monument,"HISTORY,RELIGION,LOCAL_CULTURE,PANORAMIC,PHOTOGENIC",FREE,0,0,,5,10,56.125807,40.407997,70030077042840826,Памятник святителям Владимирской земли,"[""Памятник князю Владимиру Владимир"", ""Князь Владимир и Федор памятник Владимир""]",,,0
vld018,vladimir,Владимирский исторический музей,POI,,,history_museum,"HISTORY,LOCAL_CULTURE,ARCHITECTURE,INDOOR",PAID,300,300,Базовый вход; временные выставки и экскурсии не учитывать,60,90,56.130438,40.410783,8304040093952407,Владимирский исторический музей,"[""Исторический музей Владимир"", ""Владимирский исторический музей Большая Московская 64""]",https://vladmuseum.ru/ru/files/doc/price1_2026.pdf,"2ГИС: Большая Московская ул., 64",0
vld019,vladimir,Дом-музей Столетовых,POI,,,house_museum,"HISTORY,SCIENCE_TECH,LOCAL_CULTURE,INDOOR",PAID,300,300,Базовый вход; аудиогид и экскурсии не учитывать,45,75,56.132474,40.41361,8304040093952411,Музей-заповедник,"[""Дом музей Столетовых Владимир"", ""Столетовы музей Владимир""]",https://vladmuseum.ru/ru/files/doc/price1_2026.pdf,"2ГИС: ул. Столетовых, 3",0
vld020,vladimir,Богородице-Рождественский монастырь,COMPLEX,,,monastery,"HISTORY,RELIGION,ARCHITECTURE,QUIET,ATMOSPHERIC",FREE,0,0,Базовое посещение территории и действующих храмов,45,75,56.131544,40.413196,8304040093942382,Богородице-Рождественский монастырь,"[""Богородице Рождественский монастырь Владимир"", ""Рождественский монастырь Владимир Большая Московская 68""]",,"2ГИС: Большая Московская ул., 68",0
vld021,vladimir,Свято-Успенский Княгинин женский монастырь,COMPLEX,,,monastery,"HISTORY,RELIGION,ARCHITECTURE,QUIET,ATMOSPHERIC",FREE,0,0,Базовое посещение территории,45,75,56.131624,40.399409,8304040093959801,Свято-Успенский Княгинин женский монастырь,"[""Княгинин монастырь Владимир"", ""Успенский Княгинин монастырь""]",,"2ГИС: ул. Княгинин Монастырь, 37а",0
vld022,vladimir,Успенский собор Княгинина монастыря,POI,vld021,CONTAINS,cathedral,"HISTORY,RELIGION,ARCHITECTURE,ART_CULTURE,QUIET",FREE,0,0,Базовое посещение действующего собора,20,40,56.131734,40.399383,8304040093985377,Успенский собор Княгинина монастыря,"[""Успенский собор Княгинин монастырь Владимир"", ""Успенский собор Княгинина монастыря 37а""]",,,0
vld023,vladimir,Никитская церковь,POI,,,church,"HISTORY,RELIGION,ARCHITECTURE,PHOTOGENIC",FREE,0,0,Базовое посещение храма,15,30,56.130679,40.397856,70000001041658647,Никитская церковь,"[""Никитская церковь Владимир"", ""Храм Никиты Мученика Владимир""]",,"2ГИС: Княгининская ул., 8",0
vld024,vladimir,Музей хрусталя и стекла XVIII–XXI веков,POI,,,art_museum,"ART_CULTURE,HISTORY,LOCAL_CULTURE,INDOOR,PHOTOGENIC",PAID,300,300,Базовый вход в постоянную экспозицию; аудиогид и временные выставки не учитывать,60,90,56.126503,40.39608,8304040093952408,Музей хрусталя,"[""Музей хрусталя Владимир"", ""Музей хрусталя и стекла Дворянская 2""]",https://vladmuseum.ru/ru/files/doc/price1_2026.pdf,"2ГИС: Дворянская ул., 2",0
vld025,vladimir,Музей ложки,POI,,,museum,"HISTORY,LOCAL_CULTURE,UNUSUAL,FAMILY,INDOOR",PAID,,,TBD: базовый самостоятельный вход уточнить; экскурсии и мастер-классы не учитывать,45,75,56.127478,40.403322,70000001024833993,Музей ложки,"[""Музей ложки Владимир Октябрьская 4"", ""Музей Ложки г. Владимира""]",https://vladimirculture.ru/places/706/muzei-lozhki-g-vladimira,"2ГИС: Октябрьская ул., 4",0
vld026,vladimir,Музей природы,POI,,,nature_museum,"NATURE,FAMILY,SCIENCE_TECH,INDOOR",PAID,300,300,Базовый вход в постоянную экспозицию; временные выставки не учитывать,60,90,56.137837,40.397733,8304040093952410,Музей природы,"[""Музей природы Владимир"", ""Музей природы Мира 19 Владимир""]",https://vladmuseum.ru/ru/files/doc/price1_2026.pdf,"2ГИС: ул. Мира, 19",0
vld027,vladimir,Владимирский планетарий,POI,,,planetarium,"SCIENCE_TECH,FAMILY,INDOOR",PAID,,,"TBD: базовый билет уточнить; лекции, спецпрограммы и события не учитывать",45,75,56.130694,40.411832,8304040093942693,Владимирский планетарий,"[""Планетарий Владимир"", ""Владимирский планетарий Большая Московская 66""]",,"2ГИС: Большая Московская ул., 66",0
vld028,vladimir,Здание городской думы / Дом дружбы,POI,,,historic_building,"HISTORY,ARCHITECTURE,LOCAL_CULTURE,PHOTOGENIC",FREE,0,0,Только внешний осмотр; внутрь как туристический POI не закладывать,10,20,56.128621,40.406524,8304147468131660,"Большая Московская улица, 54","[""Здание городской думы Владимир"", ""Дом дружбы Владимир Большая Московская""]",https://vladimirtravel.ru/attractions/zdanie-gorodskoy-dumy-dom-druzhby/,,0
vld029,vladimir,Торговые ряды,POI,,,shopping_gallery,"HISTORY,ARCHITECTURE,LOCAL_CULTURE,PHOTOGENIC",FREE,0,0,Осмотр исторического здания/галерей; покупки не учитывать,20,40,56.128647,40.402992,8304040093945687,Торговые ряды,"[""Торговые ряды Владимир"", ""Торговые ряды Большая Московская Владимир""]",https://vladimirtravel.ru/guides/avtomobilnye-marshruty-marshrut-1-ot-ivana-groznogo-do-ogurechnoy-tobolki/,,0
vld030,vladimir,Дом-музей Пряника,POI,,,museum,"LOCAL_CULTURE,HISTORY,UNUSUAL,FAMILY,INDOOR",PAID,,,"TBD: базовый музейный формат уточнить; мастер-классы, дегустации и интерактивные программы не учитывать",45,75,56.12828,40.404533,70000001007447799,Дом-музей Пряника,"[""Дом музей Пряника Владимир"", ""Музей пряника Владимир Большая Московская 42""]",,"2ГИС: Большая Московская ул., 42",0
